post_id,title,author,created_utc,url,num_comments,score
xywrhk,"I got 10,000 monthly listeners in under 3 months with no label, team, or money. Here’s what I learned.",EdinKaso,1665245941.0,https://www.reddit.com/r/WeAreTheMusicMakers/comments/xywrhk/i_got_10000_monthly_listeners_in_under_3_months/,160,688
u9gvfc,"Approaching $100k in revenue and over 1 million streams across 6 years. How I ""made it"" as an unconventional electronic bedroom producer.",RrentTreznor,1650640148.0,https://www.reddit.com/r/WeAreTheMusicMakers/comments/u9gvfc/approaching_100k_in_revenue_and_over_1_million/,116,478
uo70tf,anyone just not feel narcissistic enough to succeed in the industry?,mikeisnottoast,1652378391.0,https://www.reddit.com/r/WeAreTheMusicMakers/comments/uo70tf/anyone_just_not_feel_narcissistic_enough_to/,83,370
xscm12,"I started a new artist project and crossed 1k plays in 2 months. All organic and zero promotion. If you'll allow me, I think my experience could benefit someone. So here it is.",nomohmaya,1664571964.0,https://www.reddit.com/r/WeAreTheMusicMakers/comments/xscm12/i_started_a_new_artist_project_and_crossed_1k/,64,282
u89pmb,I’m amazed!,viking_jeezus,1650497831.0,https://www.reddit.com/r/WeAreTheMusicMakers/comments/u89pmb/im_amazed/,41,259
xiik9b,just wanted to say thank you to this community,StrengthoftwoBears,1663607869.0,https://www.reddit.com/r/WeAreTheMusicMakers/comments/xiik9b/just_wanted_to_say_thank_you_to_this_community/,20,251
uhcybm,please stop asking 'what genre is this?' when posting your music.,phantomparts,1651573237.0,https://www.reddit.com/r/WeAreTheMusicMakers/comments/uhcybm/please_stop_asking_what_genre_is_this_when/,207,246
108nhc3,"Help! Hypothetically of course, how would one get gig-ready in less than a month?",gingerarsehair,1673390515.0,https://www.reddit.com/r/WeAreTheMusicMakers/comments/108nhc3/help_hypothetically_of_course_how_would_one_get/,149,198
11zxaog,"question for ""underground"" music makers",__cursist__,1679605347.0,https://www.reddit.com/r/WeAreTheMusicMakers/comments/11zxaog/question_for_underground_music_makers/,190,196
vurpeo,Do you not promote your music?,tasteslikelime,1657334734.0,https://www.reddit.com/r/WeAreTheMusicMakers/comments/vurpeo/do_you_not_promote_your_music/,157,195
veax71,Epidemic of marketing “gurus”,Gwizmusic,1655464999.0,https://www.reddit.com/r/WeAreTheMusicMakers/comments/veax71/epidemic_of_marketing_gurus/,106,179
1191482,Leaving Tape Cassettes at bars. Could I get in trouble for this?,Acanthopterygii_Kind,1677076610.0,https://www.reddit.com/r/WeAreTheMusicMakers/comments/1191482/leaving_tape_cassettes_at_bars_could_i_get_in/,346,177
10df5eq,"Those who have successfully gotten on a label, did you do more than “shop” different labels that fit your sound and email them your music?",ModestMarinara,1673877332.0,https://www.reddit.com/r/WeAreTheMusicMakers/comments/10df5eq/those_who_have_successfully_gotten_on_a_label_did/,122,168
u2vx08,"Has anyone heard of this new feature on Spotify? Apparently they are going to start choosing user made playlists to become ""curator"" playlists.",Ontru,1649871757.0,https://www.reddit.com/r/WeAreTheMusicMakers/comments/u2vx08/has_anyone_heard_of_this_new_feature_on_spotify/,73,171
11sknl8,"Two bigger bands from abroad recently contacted us about playing several shows in my country (Japan) and asked us to open for them. To those who have been in similar situations, any tips on welcoming a band from abroad?",yasucub,1678942725.0,https://www.reddit.com/r/WeAreTheMusicMakers/comments/11sknl8/two_bigger_bands_from_abroad_recently_contacted/,16,164
wfdxqv,"Added to suspicious playlist, should I report to Spotify?",I_hate_bottles,1659550857.0,https://www.reddit.com/r/WeAreTheMusicMakers/comments/wfdxqv/added_to_suspicious_playlist_should_i_report_to/,66,160
xtwwcg,Unpopular Opinion: You Don't Need Facebook/Instagram/TikTok/Twitter As A Musician Now?,Impressive_Animal_17,1664737558.0,https://www.reddit.com/r/WeAreTheMusicMakers/comments/xtwwcg/unpopular_opinion_you_dont_need/,96,159
105ugf7,I wrote and recorded an album. What do I do now?,MomentComfortable528,1673112528.0,https://www.reddit.com/r/WeAreTheMusicMakers/comments/105ugf7/i_wrote_and_recorded_an_album_what_do_i_do_now/,89,146
vfke64,Copyright Claims on my Original Content,Johnny-kashed,1655602765.0,https://www.reddit.com/r/WeAreTheMusicMakers/comments/vfke64/copyright_claims_on_my_original_content/,71,132
wuh3nm,"How does an aspiring rapper begin to book shows as an unknown artist, in a small-town area?",samurainotfly,1661134302.0,https://www.reddit.com/r/WeAreTheMusicMakers/comments/wuh3nm/how_does_an_aspiring_rapper_begin_to_book_shows/,91,111
u70gcs,"""I don't like posting things on social media to promote my music"", how to deal with that ?",jssv_prod,1650357978.0,https://www.reddit.com/r/WeAreTheMusicMakers/comments/u70gcs/i_dont_like_posting_things_on_social_media_to/,102,113
wb5rdg,Quick shout out for a great book about music marketing,EllisMichaels,1659103647.0,https://www.reddit.com/r/WeAreTheMusicMakers/comments/wb5rdg/quick_shout_out_for_a_great_book_about_music/,22,104
